<beans xmlns="http://www.springframework.org/schema/beans"
	xmlns:batch="http://www.springframework.org/schema/batch" xmlns:xsi="http://www.w3.org/2001/XMLSchema-instance"
	xsi:schemaLocation="http://www.springframework.org/schema/batch
		http://www.springframework.org/schema/batch/spring-batch-2.2.xsd
		http://www.springframework.org/schema/beans 
		http://www.springframework.org/schema/beans/spring-beans-3.2.xsd
	">

	<import resource="batch-context.xml" />
	<import resource="batch-database.xml" />

	<bean id="employee" class="org.cap.demo.model.Employee" />
	<bean id="itemEmployeeProcessor" class="org.cap.demo.CustomEmployeeProcessor" />

	<batch:job id="helloWorldBatchJob">
		<batch:step id="step1">
			<batch:tasklet>
				<batch:chunk reader="cvsFileItemReader" writer="xmlItemWriter"
					processor="itemEmployeeProcessor" commit-interval="10">
				</batch:chunk>
			</batch:tasklet>
		</batch:step>
	</batch:job>

	<bean id="cvsFileItemReader" class="org.springframework.batch.item.file.FlatFileItemReader">

		<property name="resource" value="classpath:employee-data.csv" />

		<property name="lineMapper">
			<bean class="org.springframework.batch.item.file.mapping.DefaultLineMapper">
				<property name="lineTokenizer">
					<bean
						class="org.springframework.batch.item.file.transform.DelimitedLineTokenizer">
						<property name="names" value="empId,empName" />
					</bean>
				</property>
				<property name="fieldSetMapper">
					<bean class="org.cap.demo.EmployeeFieldSetMapper" />
				</property>
			</bean>
		</property>

	</bean>

	<bean id="xmlItemWriter" class="org.springframework.batch.item.xml.StaxEventItemWriter">
		<property name="resource" value="file:c://xml/outputs/employee.xml" />
		<property name="marshaller" ref="empMarshaller" />
		<property name="rootTagName" value="employee" />
	</bean>

	<bean id="empMarshaller" class="org.springframework.oxm.jaxb.Jaxb2Marshaller">
		<property name="classesToBeBound">
			<list>
				<value>org.cap.demo.model.Employee</value>
			</list>
		</property>
	</bean>


</beans>